mode,clients,iops,avg_ms,p50_ms,p99_ms,completed,modelled_capacity_rps,floor_ms
baseline,1,40.0,25.006,22.966,56.976,480,500,2.953
baseline,2,86.17,23.243,21.339,58.511,1034,500,2.953
baseline,3,130.83,22.975,21.043,54.192,1570,500,2.953
baseline,4,179.25,22.34,20.536,49.646,2151,500,2.953
baseline,6,269.17,22.332,20.804,52.252,3230,500,2.953
baseline,8,351.17,22.814,21.106,57.01,4214,500,2.953
baseline,10,426.17,23.504,22.154,54.974,5114,500,2.953
baseline,12,478.83,25.097,23.813,57.722,5746,500,2.953
baseline,16,501.08,32.012,30.8,64.682,6013,500,2.953
booster,1,166.17,6.006,5.385,13.228,1994,2000,2.953
booster,2,376.58,5.303,5.047,10.401,4519,2000,2.953
booster,3,587.83,5.095,4.971,9.101,7054,2000,2.953
booster,4,770.08,5.189,5.043,8.644,9241,2000,2.953
booster,6,1171.75,5.116,4.896,9.407,14061,2000,2.953
booster,8,1516.33,5.272,5.087,9.286,18196,2000,2.953
booster,10,1889.58,5.289,5.205,8.434,22675,2000,2.953
booster,12,1949.75,6.152,6.045,9.452,23397,2000,2.953
booster,16,1988.67,8.044,7.978,11.32,23864,2000,2.953
