mode,rate,offered,recv,achieved_rps,avg,p50,p99,avg_minus_floor,p50_minus_floor,p99_minus_floor,modelled_capacity_rps
baseline,50,506,506,50.6,24.686,23.061,48.97,23.415,21.79,47.699,500
baseline,100,1042,1042,104.2,23.335,21.899,50.594,22.064,20.628,49.323,500
baseline,150,1456,1456,145.6,24.629,23.197,53.929,23.358,21.926,52.658,500
baseline,200,1992,1992,199.2,25.833,24.2,58.618,24.562,22.929,57.347,500
baseline,250,2483,2483,248.3,26.588,24.85,58.471,25.317,23.579,57.2,500
baseline,300,2981,2981,298.1,26.07,24.587,56.678,24.799,23.316,55.407,500
baseline,350,3460,3460,346.0,29.023,27.121,64.877,27.752,25.85,63.606,500
baseline,400,3879,3879,387.9,30.916,29.514,65.917,29.645,28.243,64.646,500
baseline,450,4416,4416,441.6,34.508,32.824,71.292,33.237,31.553,70.021,500
baseline,500,5102,5102,510.2,222.145,226.516,331.138,220.874,225.245,329.867,500
baseline,550,5526,5526,552.6,873.932,868.232,1409.258,872.661,866.961,1407.987,500
baseline,600,5852,5852,585.2,1389.999,1390.202,2208.107,1388.728,1388.931,2206.836,500
booster,50,489,489,48.9,8.029,6.219,22.41,6.758,4.948,21.139,2000
booster,100,1008,1008,100.8,7.456,5.958,20.429,6.185,4.687,19.158,2000
booster,150,1540,1540,154.0,7.531,5.933,22.207,6.26,4.662,20.936,2000
booster,200,1996,1996,199.6,7.129,5.991,21.022,5.858,4.72,19.751,2000
booster,250,2506,2506,250.6,7.89,6.307,25.532,6.619,5.036,24.261,2000
booster,300,3072,3072,307.2,7.321,5.982,22.774,6.05,4.711,21.503,2000
booster,350,3534,3534,353.4,8.588,6.657,35.301,7.317,5.386,34.03,2000
booster,400,4097,4097,409.7,7.365,6.044,23.829,6.094,4.773,22.558,2000
booster,450,4576,4576,457.6,6.812,5.712,18.499,5.541,4.441,17.228,2000
booster,500,5069,5069,506.9,8.045,6.261,30.476,6.774,4.99,29.205,2000
booster,550,5485,5485,548.5,7.44,5.986,23.64,6.169,4.715,22.369,2000
booster,600,6081,6081,608.1,7.106,5.8,21.23,5.835,4.529,19.959,2000
